"0","# Remove rows with NA in the date column and ensure it's numeric"
"0","llms <- llms %>%"
"0","  filter(!is.na(date)) %>%"
"0","  mutate(date = as.numeric(date))"
"0",""
"0","# Summary of date"
"0","summary(llms$date)"
"1","   Min. "
"1","1st Qu. "
"1"," Median "
"1","   Mean "
"1","3rd Qu. "
"1","   Max. "
"1","
"
"1","   0.17 "
"1","   5.00 "
"1","   5.25 "
"1","   5.05 "
"1","   5.50 "
"1","   5.75 "
"1","
"
"0","# Combine year and month into a Date column (assuming day = 1)"
"0","llms <- llms %>%"
"0","  mutate("
"0","    date_as_date = as.Date(paste0(year, ""-"", sprintf(""%02d"", month), ""-01""))"
"0","  )"
